,clust_id,clust_size,num_points_map,centroid,clust_median,contributing_structures,structure_contributions
0,donor_1.0,8,101,"[21.309303509886252, 27.252463518866268, 8.962550142644039]",13.972281694412231,"['1wbw_chainA', '1w7h_chainA', '1w84_chainA', '1bl6_chainA']","[4, 6, 5, 5]"
1,donor_2.0,20,101,"[11.40256614152696, 17.41966264953893, 28.90858730504079]",15.455766677856445,"['1w7h_chainA', '1w84_chainA', '1wbo_chainA', '1bl6_chainA']","[19, 15, 4, 5]"
2,donor_3.0,14,101,"[20.043058515082016, 15.913554302241016, 12.784297916044839]",12.30195665359497,"['1wbw_chainA', '1w7h_chainA', '1w84_chainA', '1bl6_chainA']","[4, 11, 10, 3]"
3,donor_4.0,18,101,"[8.730671371126194, 12.122673128046367, 15.02756513171943]",11.655122518539429,"['1w7h_chainA', '1w84_chainA', '1wbo_chainA', '1bl6_chainA']","[9, 12, 8, 10]"
4,donor_5.0,23,101,"[13.969302885192239, 9.317360324615063, 4.643680947718981]",13.350205421447754,"['1w7h_chainA', '1w84_chainA', '1wbo_chainA']","[23, 22, 1]"
5,acceptor_1.0,35,86,"[21.391341795269856, 23.4227890057719, 9.786273515249935]",10.668325901031494,"['1wbw_chainA', '1w7h_chainA', '1w84_chainA', '1wbo_chainA', '1bl6_chainA']","[3, 11, 29, 19, 16]"
6,acceptor_2.0,13,86,"[9.722239942237065, 9.023469116696754, 24.68601121473053]",10.99339771270752,"['1wbw_chainA', '1w7h_chainA']","[13, 13]"
7,acceptor_3.0,37,86,"[12.064874709287647, 23.017248325948025, 24.924136903155283]",13.647933006286621,"['1wbw_chainA', '1w7h_chainA', '1w84_chainA', '1wbo_chainA', '1bl6_chainA']","[20, 29, 24, 25, 21]"
8,apolar_1.0,9755,9817,"[16.62945054644614, 17.783040941928466, 16.88569512340473]",7.506640434265137,"['1wbw_chainA', '1w7h_chainA', '1w84_chainA', '1wbo_chainA', '1bl6_chainA']","[6759, 6990, 7728, 6247, 5842]"
